Category,Topic,Description,Name
Highlight,[I40-Epics@WAR],Please enter your update here,Krishnan
Highlight,[I40-Epics@WAR],Please enter your update here,Krishnan
Highlight,[I40-Epics@WAR],Please enter your update here,Krishnan
Highlight,[I40-Epics@WAR],Please enter your update here,Krishnan
Highlight,[Capa-Epics@WAR],Please enter your update here,Krishnan
Highlight,[Capa-Epics@WAR],Please enter your update here,Krishnan
Lowlight,[Capa-Epics@WAR],Please enter your update here,Krishnan
Lowlight,[Capa-Epics@WAR],Please enter your update here,Krishnan
Lowlight,[I40-Epics@WAR],Please enter your update here,Krishnan
Lowlight,[I40-Epics@WAR],Please enter your update here,Krishnan
